,ID,Company,Product,Type,Inches,Screen Resolution,CPU,RAM (GB),Memory,GPU,Operating System,Weight (Kg),Price (â‚¬)
9,534,Lenovo,IdeaPad 320-15ISK,Notebook,15.6,1366x768,Intel Core i3 6006U 2GHz,8,2TB HDD,Nvidia GeForce 920MX ,No OS,2.2,459.0
23,205,Lenovo,V110-15ISK (i5-6200U/4GB/128GB/W10),Notebook,15.6,1366x768,Intel Core i5 6200U 2.3GHz,4,128GB SSD,Intel HD Graphics 520,Windows 10,2.1,493.0
32,217,HP,15-bs018nq (i3-6006U/4GB/500GB/FHD/No,Notebook,15.6,Full HD 1920x1080,Intel Core i3 6006U 2GHz,4,500GB HDD,Intel HD Graphics 520,No OS,2.1,349.0
37,899,Acer,Chromebook C731-C78G,Netbook,11.6,IPS Panel 1366x768,Intel Celeron Dual Core N3060 1.6GHz,4,32GB Flash Storage,Intel HD Graphics 400,Chrome OS,1.25,297.0
39,1182,HP,250 G4,Notebook,15.6,1366x768,Intel Core i5 6200U 2.3GHz,4,500GB HDD,Intel HD Graphics 520,No OS,2.1,476.99
41,1123,HP,15-bw011nv (A6-9220/4GB/1TB/FHD/W10),Notebook,15.6,Full HD 1920x1080,AMD A6-Series 9220 2.5GHz,4,1TB HDD,AMD Radeon R4,Windows 10,2.1,398.0
46,179,Dell,Inspiron 3567,Notebook,15.6,1366x768,Intel Core i3 7100U 2.4GHz,8,1TB HDD,Intel HD Graphics 620,Windows 10,2.3,459.0
50,383,Dell,Inspiron 3552,Notebook,15.6,1366x768,Intel Celeron Dual Core N3060 1.60GHz,4,500GB HDD,Intel HD Graphics 400,Windows 10,1.8,309.0
52,554,Lenovo,V310-15ISK (i5-6200U/4GB/1TB/FHD/No,Notebook,15.6,Full HD 1920x1080,Intel Core i5 6200U 2.3GHz,4,1TB HDD,Intel HD Graphics 520,No OS,2.15,462.35
53,266,Lenovo,IdeaPad 320-15ISK,Notebook,15.6,Full HD 1920x1080,Intel Core i3 6006U 2GHz,4,256GB SSD,Intel HD Graphics 520,No OS,2.2,444.0
61,283,Lenovo,IdeaPad 320-17ISK,Notebook,17.3,1600x900,Intel Core i3 6006U 2GHz,4,1TB HDD,Intel HD Graphics 520,Windows 10,2.8,489.0
64,567,Acer,Spin SP111-31,2 in 1 Convertible,11.6,IPS Panel Full HD / Touchscreen 1920x1080,Intel Celeron Dual Core N3350 2.0GHz,4,32GB Flash Storage,Intel HD Graphics 500,Windows 10,1.25,349.0
72,150,Asus,X541NA (N3350/4GB/1TB/FHD/W10),Notebook,15.6,Full HD 1920x1080,Intel Celeron Dual Core N3350 1.1GHz,4,1TB HDD,Intel HD Graphics 500,Windows 10,2,344.0
74,155,Lenovo,V110-15IKB (i5-7200U/4GB/128GB/W10),Notebook,15.6,1366x768,Intel Core i5 7200U 2.5GHz,4,128GB SSD,Intel HD Graphics 620,Windows 10,1.9,498.0
84,979,Dell,Inspiron 3567,Notebook,15.6,1366x768,Intel Core i3 6006U 2.0GHz,4,1TB HDD,AMD Radeon R5 M430,Linux,2.25,465.62
90,1106,HP,250 G6,Notebook,15.6,1366x768,Intel Core i3 6006U 2GHz,4,1TB HDD,Intel HD Graphics 520,No OS,1.86,345.99
104,163,Toshiba,Satellite Pro,Notebook,15.6,1366x768,Intel Core i3 6006U 2.2GHz,4,500GB HDD,Intel HD Graphics 520,Windows 10,2.1,447.0
110,1300,HP,Stream 11-Y000na,Netbook,11.6,1366x768,Intel Celeron Dual Core N3060 1.6GHz,2,32GB Flash Storage,Intel HD Graphics 400,Windows 10,1.17,209.0
115,473,Acer,Aspire 5,Notebook,15.6,1366x768,Intel Core i3 6006U 2GHz,4,500GB HDD,Nvidia GeForce GTX 940MX,Windows 10,2.2,469.0
118,295,Acer,Chromebook C910-C2ST,Notebook,15.6,1366x768,Intel Celeron Dual Core 3205U 1.5GHz,2,16GB SSD,Intel HD Graphics,Chrome OS,2.19,199.0
124,453,Acer,Aspire ES1-572,Notebook,15.6,1366x768,Intel Core i5 7200U 2.5GHz,4,500GB HDD,Intel HD Graphics 620,Linux,2.4,441.8
127,609,Acer,Aspire 1,Notebook,14.0,Full HD 1920x1080,Intel Celeron Quad Core N3450 1.1GHz,4,32GB Flash Storage,Intel HD Graphics 500,Windows 10,1.6,329.0
131,377,Acer,Aspire 3,Notebook,15.6,1366x768,AMD A9-Series 9420 3GHz,4,128GB SSD,AMD Radeon R5,Windows 10,2.1,426.0
140,1296,Dell,Inspiron 3552,Notebook,15.6,1366x768,Intel Celeron Dual Core N3050 1.6GHz,2,500GB HDD,Intel HD Graphics,Windows 10,2.20,379.0
141,36,Lenovo,IdeaPad 120S-14IAP,Notebook,14.0,1366x768,Intel Celeron Dual Core N3350 1.1GHz,4,64GB Flash Storage,Intel HD Graphics 500,Windows 10,1.44,249.0
144,387,Lenovo,V310-15ISK (i3-6006U/4GB/128GB/FHD/No,Notebook,15.6,Full HD 1920x1080,Intel Core i3 6006U 2GHz,4,128GB SSD,Intel HD Graphics 520,No OS,1.85,403.5
151,416,Lenovo,Lenovo IdeaPad,Notebook,11.6,1366x768,Intel Celeron Dual Core N3350 1.1GHz,2,32GB Flash Storage,Intel HD Graphics 500,Windows 10,1.15,304.45
153,619,Dell,Vostro 3568,Notebook,15.6,1366x768,Intel Core i3 6006U 2.0GHz,4,1TB HDD,Intel HD Graphics 520,Linux,2.18,443.9
161,55,Acer,Aspire 3,Notebook,15.6,1366x768,Intel Core i3 7100U 2.4GHz,4,1TB HDD,Intel HD Graphics 620,Windows 10,2.4,384.0
168,37,Acer,Aspire 3,Notebook,15.6,1366x768,Intel Core i3 7130U 2.7GHz,4,1TB HDD,Intel HD Graphics 620,Linux,2.1,367.0
173,1272,Dell,Inspiron 3552,Notebook,15.6,1366x768,Intel Pentium Quad Core N3700 1.6GHz,4,500GB HDD,Intel HD Graphics,Windows 10,2.2,443.99
178,591,Dell,Chromebook 11,Netbook,11.6,1366x768,Intel Celeron Dual Core N3060 1.6GHz,4,16GB Flash Storage,Intel HD Graphics 400,Chrome OS,1.26,295.0
182,490,Chuwi,"Lapbook 15,6",Notebook,15.6,Full HD 1920x1080,Intel Atom x5-Z8350 1.44GHz,4,64GB Flash Storage,Intel HD Graphics,Windows 10,1.89,248.9
192,1117,Acer,Chromebook 15,Notebook,15.6,1366x768,Intel Celeron Dual Core 3205U 1.5GHz,4,16GB SSD,Intel HD Graphics,Chrome OS,2.20,209.0
193,236,HP,15-rb013nv (E2-9000e/4GB/500GB/W10),Notebook,15.6,1366x768,AMD E-Series 9000e 1.5GHz,4,500GB HDD,AMD Radeon R2,Windows 10,2.1,330.0
200,164,Asus,X555BP-XX180T (A9-9420/4GB/1TB/Radeon,Notebook,15.6,1366x768,AMD A9-Series 9420 3GHz,4,1TB HDD,AMD Radeon R5 M420,Windows 10,2.03,403.0
201,168,Acer,Aspire A315-31,Notebook,15.6,1366x768,Intel Celeron Dual Core N3350 1.1GHz,4,1TB HDD,Intel HD Graphics 500,Windows 10,2.1,348.0
205,33,HP,17-ak001nv (A6-9220/4GB/500GB/Radeon,Notebook,17.3,Full HD 1920x1080,AMD A6-Series 9220 2.5GHz,4,500GB HDD,AMD Radeon 530,Windows 10,2.71,439.0
208,147,HP,255 G6,Notebook,15.6,1366x768,AMD A6-Series 9220 2.5GHz,4,256GB SSD,AMD Radeon R4 Graphics,Windows 10,1.86,369.0
210,1275,Dell,Vostro 3568,Notebook,15.6,1366x768,Intel Core i3 6006U 2GHz,4,500GB HDD,Intel HD Graphics 520,Windows 10,2.29,490.0
212,23,HP,255 G6,Notebook,15.6,1366x768,AMD E-Series E2-9000e 1.5GHz,4,500GB HDD,AMD Radeon R2,No OS,1.86,258.0
213,673,Toshiba,Satellite Pro,Notebook,15.6,1366x768,Intel Core i3 6100U 2.1GHz,4,128GB SSD,Intel HD Graphics 520,Windows 10,2.1,498.0
219,50,Asus,X751NV-TY001T (N4200/4GB/1TB/GeForce,Notebook,17.3,1366x768,Intel Pentium Quad Core N4200 1.1GHz,4,1TB HDD,Nvidia GeForce 920MX,Windows 10,2.8,466.0
226,578,HP,14-am079na (N3710/8GB/2TB/W10),Notebook,14.0,1366x768,Intel Pentium Quad Core N3710 1.6GHz,8,2TB HDD,Intel HD Graphics 405,Windows 10,1.94,389.0
230,620,Dell,Inspiron 3567,Notebook,15.6,1366x768,Intel Core i3 6006U 2.0GHz,4,1TB HDD,Intel HD Graphics 520,Linux,2.25,359.0
234,47,Lenovo,IdeaPad 320-15ISK,Notebook,15.6,1366x768,Intel Core i3 6006U 2GHz,4,128GB SSD,Intel HD Graphics 520,No OS,2.2,369.0
237,1309,Acer,Aspire ES1-531,Notebook,15.6,1366x768,Intel Celeron Dual Core N3060 1.6GHz,4,500GB HDD,Intel HD Graphics 400,Linux,2.4,289.0
246,346,Dell,Inspiron 3552,Notebook,15.6,1366x768,Intel Celeron Dual Core N3060 1.6GHz,4,500GB HDD,Intel HD Graphics,Linux,2.2,274.9
247,712,Lenovo,V310-15ISK (i3-6006U/4GB/500GB/No,Notebook,15.6,1366x768,Intel Core i3 6006U 2GHz,4,500GB HDD,Intel HD Graphics 520,No OS,1.90,450.0
248,775,Asus,X751NV-TY001 (N4200/4GB/1TB/GeForce,Notebook,17.3,1366x768,Intel Pentium Quad Core N4200 1.1GHz,4,1TB HDD,Nvidia GeForce 920MX,Windows 10,2.8,470.34
254,1071,Acer,Aspire ES1-523,Notebook,15.6,1366x768,AMD A8-Series 7410 2.2GHz,8,1TB HDD,AMD Radeon R5,Windows 10,2.4,449.0
268,540,Mediacom,SmartBook Edge,Notebook,13.3,IPS Panel Full HD 1920x1080,Intel Celeron Quad Core N3450 1.1GHz,4,32GB SSD,Intel HD Graphics 500,Windows 10,1.2,369.0
269,1085,Dell,Latitude 3570,Notebook,15.6,1366x768,Intel Core i3 6100U 2.3GHz,4,500GB HDD,Intel HD Graphics 520,Windows 10,2.06,481.98
273,829,Lenovo,V110-15ISK (i3-6006U/4GB/500GB/W10),Notebook,15.6,1366x768,Intel Core i3 6006U 2GHz,4,500GB HDD,Intel HD Graphics 520,Windows 10,2.1,489.9
278,602,Lenovo,IdeaPad 110-15ISK,Notebook,15.6,1366x768,Intel Core i3 6100U 2.3GHz,8,1TB HDD,Intel HD Graphics 520,Windows 10,2.29,459.0
283,257,Asus,X505BP-BR019T (A9-9420/4GB/1TB/Radeon,Notebook,15.6,1366x768,AMD A9-Series 9420 3GHz,4,1TB HDD,AMD Radeon R5 M420,Windows 10,1.68,469.0
284,522,Asus,VivoBook E12,Netbook,11.6,1366x768,Intel Celeron Dual Core N3350 1.1GHz,2,32GB Flash Storage,Intel HD Graphics 500,Windows 10,1.1,245.0
290,1216,Acer,Aspire 3,Notebook,15.6,1366x768,Intel Celeron Dual Core N3350 2GHz,4,1TB HDD,Intel HD Graphics 500,Linux,2.1,272.0
296,1011,Acer,Aspire ES1-533,Notebook,15.6,1366x768,Intel Pentium Quad Core N4200 1.1GHz,4,500GB HDD,Intel HD Graphics 505,Windows 10,2.4,380.0
307,362,Lenovo,IdeaPad 320-15IAP,Notebook,15.6,1366x768,Intel Celeron Dual Core N3350 1.1GHz,4,1TB HDD,Intel HD Graphics 500,No OS,2.2,321.99
313,331,Lenovo,IdeaPad 120S-14IAP,Notebook,14.0,1366x768,Intel Celeron Dual Core N3350 1.1GHz,4,32GB Flash Storage,Intel HD Graphics 500,Windows 10,1.44,292.0
336,180,Acer,Aspire A315-51,Notebook,15.6,1366x768,Intel Core i3 6006U 2GHz,4,128GB SSD,Intel HD Graphics 520,Windows 10,2.1,449.0
340,677,Acer,Aspire 3,Notebook,15.6,1366x768,Intel Core i3 6006U 2GHz,4,128GB SSD,Intel HD Graphics 520,Linux,2.1,412.0
342,139,Lenovo,V110-15IAP (N3350/4GB/1TB/No,Notebook,15.6,1366x768,Intel Celeron Dual Core N3350 1.1GHz,4,1TB HDD,Intel HD Graphics 500,No OS,1.9,252.36
350,319,Asus,VivoBook Flip,2 in 1 Convertible,11.6,Touchscreen 1366x768,Intel Celeron Dual Core N3350 1.1GHz,2,32GB Flash Storage,Intel HD Graphics 500,Windows 10,1.1,275.0
351,51,Lenovo,Yoga Book,2 in 1 Convertible,10.1,IPS Panel Touchscreen 1920x1200,Intel Atom x5-Z8550 1.44GHz,4,64GB Flash Storage,Intel HD Graphics 400,Android,0.69,319.0
353,1260,Acer,Aspire ES1-572,Notebook,15.6,1366x768,Intel Core i3 6006U 2.0GHz,4,500GB HDD,Intel HD Graphics 520,Linux,2.4,361.8
354,26,Dell,Inspiron 3567,Notebook,15.6,1366x768,Intel Core i3 6006U 2GHz,4,1TB HDD,Intel HD Graphics 520,Windows 10,2.3,418.64
356,557,Lenovo,IdeaPad 320-15ISK,Notebook,15.6,Full HD 1920x1080,Intel Core i3 6006U 2GHz,4,128GB SSD,Intel HD Graphics 520,Windows 10,2.2,499.0
358,1286,HP,Stream 11-Y000na,Netbook,11.6,1366x768,Intel Celeron Dual Core N3060 1.6GHz,2,32GB Flash Storage,Intel HD Graphics 400,Windows 10,1.17,209.0
360,800,Vero,K146 (N3350/4GB/32GB/W10),Notebook,14.0,1920x1080,Intel Celeron Dual Core N3350 1.1GHz,4,32GB Flash Storage,Intel HD Graphics 500,Windows 10,1.22,202.9
361,1320,Asus,X553SA-XX031T (N3050/4GB/500GB/W10),Notebook,15.6,1366x768,Intel Celeron Dual Core N3050 1.6GHz,4,500GB HDD,Intel HD Graphics,Windows 10,2.2,369.0
362,721,Asus,VivoBook E403NA,Notebook,14.0,Full HD 1920x1080,Intel Celeron Dual Core N3350 1.1GHz,4,32GB Flash Storage,Intel HD Graphics 500,Windows 10,1.5,298.0
363,419,HP,15-BS028nv (i3-6006U/4GB/1TB/Radeon,Notebook,15.6,Full HD 1920x1080,Intel Core i3 6006U 2GHz,4,1TB HDD,AMD Radeon 520,Windows 10,2.1,469.0
384,778,Acer,Aspire A315-31,Notebook,15.6,1366x768,Intel Pentium Quad Core N4200 1.1GHz,4,1TB HDD,Intel HD Graphics 505,Linux,2.1,298.0
394,130,Asus,E402WA-GA007T (E2-6110/4GB/64GB/W10,Notebook,14.0,1366x768,AMD E-Series 6110 1.5GHz,4,64GB SSD,AMD Radeon R2,Windows 10 S,1.65,277.99
402,963,Acer,Chromebook 14,Notebook,14.0,1366x768,Intel Celeron Dual Core N3060 1.6GHz,4,32GB Flash Storage,Intel HD Graphics 400,Chrome OS,1.68,349.0
407,1141,Lenovo,Yoga Book,2 in 1 Convertible,10.1,IPS Panel Touchscreen 1920x1200,Intel Atom x5-Z8550 1.44GHz,4,64GB Flash Storage,Intel HD Graphics 400,Windows 10,0.69,479.0
412,882,Lenovo,IdeaPad 110-15ISK,Notebook,15.6,Full HD 1920x1080,Intel Core i3 6006U 2GHz,4,1TB HDD,AMD Radeon R5 M430,No OS,2.2,479.0
415,703,Acer,TravelMate B117-M,Netbook,11.6,1366x768,Intel Celeron Dual Core N3050 1.6GHz,4,32GB Flash Storage,Intel HD Graphics,Windows 10,1.4,269.0
417,462,Dell,Inspiron 3168,2 in 1 Convertible,11.6,Touchscreen 1366x768,Intel Pentium Quad Core N3710 1.6GHz,4,500GB HDD,Intel HD Graphics 405,Windows 10,1.47,479.0
432,753,Acer,Chromebook 14,Notebook,14.0,1366x768,Intel Celeron Dual Core N3060 1.6GHz,2,32GB Flash Storage,Intel HD Graphics 400,Chrome OS,1.68,330.0
435,370,Lenovo,IdeaPad 320-15ISK,Notebook,15.6,1366x768,Intel Core i3 6006U 2GHz,8,256GB SSD,Nvidia GeForce 920MX ,No OS,2.2,499.0
442,725,Lenovo,110-15ACL (A6-7310/4GB/500GB/W10),Notebook,15.6,1366x768,AMD A6-Series 7310 2GHz,4,500GB HDD,AMD Radeon R4,Windows 10,2.19,298.0
445,12,HP,250 G6,Notebook,15.6,Full HD 1920x1080,Intel Core i3 6006U 2GHz,4,500GB HDD,Intel HD Graphics 520,No OS,1.86,344.99
448,354,Asus,VivoBook Flip,2 in 1 Convertible,11.6,Touchscreen 1366x768,Intel Celeron Dual Core N3350 1.1GHz,4,32GB Flash Storage,Intel HD Graphics 500,Windows 10,1.5,375.0
455,900,Lenovo,IdeaPad 110-17ACL,Notebook,17.3,1600x900,AMD A4-Series 7210 2.2GHz,4,500GB HDD,AMD Radeon R3,Windows 10,2.8,379.0
458,1214,Lenovo,V110-15ISK (i3-6006U/4GB/1TB/Radeon,Notebook,15.6,1366x768,Intel Core i3 6006U 2GHz,4,1TB HDD,AMD Radeon R5 M430,No OS,1.9,368.0
463,870,Lenovo,IdeaPad 110-15ISK,Notebook,15.6,Full HD 1920x1080,Intel Core i3 6006U 2.0GHz,4,1TB HDD,Intel HD Graphics 520,No OS,2.2,469.0
464,68,HP,250 G6,Notebook,15.6,1366x768,Intel Core i3 6006U 2GHz,4,500GB HDD,AMD Radeon 520,Windows 10,1.86,438.69
465,472,Asus,X541NA-PD1003Y (N4200/4GB/500GB/W10),Notebook,15.6,1366x768,Intel Pentium Quad Core N4200 1.1GHz,4,500GB HDD,Intel HD Graphics 500,Windows 10,2,304.0
473,642,Asus,X541NA-GO414T (N3350/8GB/1TB/W10),Notebook,15.6,1366x768,Intel Celeron Dual Core N3350 1.1GHz,8,1TB HDD,Intel HD Graphics 500,Windows 10,2,399.0
476,805,Asus,R417NA-RS01 (N3350/4GB/32GB/W10),Notebook,14.0,1366x768,Intel Celeron Dual Core N3350 1.1GHz,4,32GB Flash Storage,Intel HD Graphics 500,Windows 10,1.63,299.0
488,737,HP,15-BW037na (A9-9420/4GB/1TB/Radeon,Notebook,15.6,Full HD 1920x1080,AMD A9-Series 9420 3GHz,4,1TB HDD,AMD Radeon 520,Windows 10,2.1,489.0
493,76,Acer,Aspire E5-475,Notebook,14.0,1366x768,Intel Core i3 6006U 2GHz,8,1TB HDD,Intel HD Graphics 520,Windows 10,2.1,389.0
495,339,Lenovo,V310-15ISK (i3-6006U/4GB/1TB/FHD/W10),Notebook,15.6,Full HD 1920x1080,Intel Core i3 6006U 2GHz,4,1TB HDD,Intel HD Graphics 520,Windows 10,1.85,449.0
496,1253,HP,15-bs023nv (i3-6006U/4GB/1TB/FHD/W10),Notebook,15.6,Full HD 1920x1080,Intel Core i3 6006U 2GHz,4,1TB HDD,Intel HD Graphics 520,Windows 10,2.1,478.0
497,402,HP,15-BW004nv (A9-9420/4GB/256GB/Radeon,Ultrabook,15.6,Full HD 1920x1080,AMD A9-Series 9420 3GHz,4,256GB SSD,AMD Radeon 520,Windows 10,1.91,499.0
498,428,Chuwi,LapBook 12.3,Notebook,12.3,IPS Panel Retina Display 2736x1824,Intel Celeron Quad Core N3450 1.1GHz,6,64GB Flash Storage,Intel HD Graphics 500,Windows 10,1.4,449.0
501,436,Mediacom,FlexBook Edge,2 in 1 Convertible,11.6,IPS Panel Full HD / Touchscreen 1920x1080,Intel Celeron Dual Core N3350 1.1GHz,4,32GB SSD,Intel HD Graphics 500,Windows 10,1.16,299.0
507,681,Lenovo,IdeaPad 320-15AST,Notebook,15.6,1366x768,AMD E-Series E2-9000 2.2GHz,4,128GB SSD,AMD Radeon R2 Graphics,Windows 10,2.2,349.0
510,1306,Asus,X553SA-XX031T (N3050/4GB/500GB/W10),Notebook,15.6,1366x768,Intel Celeron Dual Core N3050 1.6GHz,4,500GB HDD,Intel HD Graphics,Windows 10,2.2,369.0
515,371,HP,15-AY023na (N3710/8GB/2TB/W10),Notebook,15.6,1366x768,Intel Pentium Quad Core N3710 1.6GHz,8,2TB HDD,Intel HD Graphics 405,Windows 10,2.04,389.0
521,1250,Dell,Inspiron 3567,Notebook,15.6,Touchscreen 1366x768,Intel Core i3 7100U 2.4GHz,8,1TB HDD,Intel HD Graphics 620,Windows 10,2.3,469.01
528,689,Asus,L502NA-GO052T (N3350/4GB/128GB/W10),Notebook,15.6,1366x768,Intel Celeron Dual Core N3350 1.1GHz,4,128GB SSD,Intel HD Graphics 500,Windows 10,1.86,419.0
530,685,HP,Chromebook X360,2 in 1 Convertible,11.6,Touchscreen 1366x768,Intel Celeron Dual Core N3350 1.1GHz,8,64GB Flash Storage,Intel HD Graphics 500,Chrome OS,1.4,495.0
535,123,Acer,Spin 3,Notebook,15.6,IPS Panel Full HD / Touchscreen 1920x1080,Intel Core i3 7100U 2.4GHz,6,1TB HDD,Intel HD Graphics 620,Windows 10,2.1,479.0
537,297,HP,17-BS037cl (i3-6006U/8GB/1TB/W10),Notebook,17.3,1600x900,Intel Core i3 6006U 2GHz,8,1TB HDD,Intel HD Graphics 520,Windows 10,2.54,489.0
538,1290,Lenovo,IdeaPad 100S-14IBR,Notebook,14.0,1366x768,Intel Celeron Dual Core N3050 1.6GHz,2,64GB Flash Storage,Intel HD Graphics,Windows 10,1.5,229.0
539,1310,Dell,Inspiron 3552,Notebook,15.6,1366x768,Intel Celeron Dual Core N3050 1.6GHz,2,500GB HDD,Intel HD Graphics,Windows 10,2.20,379.0
541,381,HP,15-bw003nv (A9-Series-9420/4GB/256GB/FHD/W10),Notebook,15.6,Full HD 1920x1080,AMD A9-Series 9420 3GHz,4,256GB SSD,AMD Radeon R5,Windows 10,1.91,488.99
546,587,Mediacom,SmartBook Edge,Notebook,14.0,IPS Panel Full HD 1920x1080,Intel Celeron Quad Core N3450 1.1GHz,4,32GB SSD,Intel HD Graphics 500,Windows 10,1.45,389.0
553,128,HP,250 G6,Notebook,15.6,1366x768,Intel Celeron Dual Core N3060 1.6GHz,4,500GB HDD,Intel HD Graphics 400,No OS,1.86,259.0
557,352,HP,Stream 14-AX001nv,Notebook,14.0,1366x768,Intel Celeron Dual Core N3060 1.6GHz,2,32GB Flash Storage,Intel HD Graphics 400,Windows 10,1.44,279.0
563,31,Chuwi,"LapBook 15.6""",Notebook,15.6,Full HD 1920x1080,Intel Atom x5-Z8300 1.44GHz,4,64GB Flash Storage,Intel HD Graphics,Windows 10,1.89,244.99
565,919,Acer,Chromebook CB5-571-C1DZ,Notebook,15.6,IPS Panel Full HD 1920x1080,Intel Celeron Dual Core 3205U 1.5GHz,4,16GB Flash Storage,Intel HD Graphics,Chrome OS,2.20,359.0
568,1147,Asus,L403NA-GA013TS (N3350/4GB/32GB/W10),Notebook,14.0,1366x768,Intel Celeron Dual Core N3350 1.1GHz,4,32GB Flash Storage,Intel HD Graphics 500,Windows 10,1.5,278.0
575,1292,Asus,X553SA-XX031T (N3050/4GB/500GB/W10),Notebook,15.6,1366x768,Intel Celeron Dual Core N3050 1.6GHz,4,500GB HDD,Intel HD Graphics,Windows 10,2.2,369.0
576,86,Acer,Aspire 3,Notebook,15.6,1366x768,AMD A9-Series 9420 3GHz,4,1TB HDD,AMD Radeon R5,Windows 10,2.1,395.0
579,6,Acer,Aspire 3,Notebook,15.6,1366x768,AMD A9-Series 9420 3GHz,4,500GB HDD,AMD Radeon R5,Windows 10,2.1,400.0
580,645,Lenovo,IdeaPad 100S-14IBR,Notebook,14.0,1366x768,Intel Celeron Dual Core N3060 1.6GHz,2,32GB Flash Storage,Intel HD Graphics 400,Windows 10,1.42,249.0
589,1269,HP,255 G6,Notebook,15.6,1366x768,AMD A6-Series 9220 2.5GHz,4,500GB HDD,AMD Radeon R4 Graphics,Windows 10,1.86,399.0
597,1168,Lenovo,V110-15ISK (i3-6006U/4GB/1TB/No,Notebook,15.6,1366x768,Intel Core i3 6006U 2.0GHz,4,1TB HDD,Intel HD Graphics 520,No OS,1.9,339.0
598,860,HP,250 G6,Notebook,15.6,1366x768,Intel Celeron Dual Core N3060 1.6GHz,4,128GB SSD,Intel HD Graphics 400,No OS,1.86,299.0
599,170,Acer,Aspire 3,Notebook,15.6,1366x768,Intel Pentium Quad Core N4200 1.1GHz,4,1TB HDD,Intel HD Graphics 505,Windows 10,2.1,363.51
605,272,Lenovo,IdeaPad 320-15IKBN,Notebook,15.6,Full HD 1920x1080,Intel Core i5 7200U 2.5GHz,4,1TB HDD,Intel HD Graphics 620,No OS,2.2,467.0
627,443,HP,15-ra044nv (N3060/4GB/500GB/W10),Notebook,15.6,1366x768,Intel Celeron Dual Core N3060 1.6GHz,4,500GB HDD,Intel HD Graphics 400,Windows 10,2.1,347.0
628,733,Lenovo,V310-15IKB (i5-7200U/4GB/1TB/No,Notebook,15.6,1366x768,Intel Core i5 7200U 2.5GHz,4,1TB HDD,Intel HD Graphics 620,No OS,1.9,489.9
635,261,HP,15-BW094nd (A6-9220/8GB/128GB/W10),Notebook,15.6,1366x768,AMD A6-Series A6-9220 2.5GHz,8,128GB SSD,AMD Radeon R4 Graphics,Windows 10,1.91,445.9
637,1191,Lenovo,V110-15ISK (i5-6200U/4GB/500GB/No,Notebook,15.6,1366x768,Intel Core i5 6200U 2.3GHz,4,500GB HDD,Intel HD Graphics 520,No OS,2.1,398.0
652,141,Lenovo,IdeaPad 320-15IKBN,Notebook,15.6,Full HD 1920x1080,Intel Core i5 7200U 2.5GHz,4,1TB HDD,Nvidia GeForce 920MX,No OS,2.2,499.0
670,893,Asus,VivoBook L402NA,Notebook,14.1,1366x768,Intel Celeron Dual Core N3350 1.1GHz,4,32GB Flash Storage,Intel HD Graphics 500,Windows 10,1.65,348.0
677,1173,HP,15-bw002nv (A6-9220/4GB/256GB/Radeon,Notebook,15.6,Full HD 1920x1080,AMD A6-Series A6-9220 2.5GHz,4,256GB SSD,AMD Radeon 520,Windows 10,1.91,478.89
679,551,Asus,VivoBook X540YA-XX519T,Notebook,15.6,1366x768,AMD E-Series 7110 1.8GHz,4,500GB HDD,AMD Radeon R2 Graphics,Windows 10,2,349.0
690,511,Lenovo,Chromebook N23,Netbook,11.6,1366x768,Intel Celeron Dual Core N3060 1.6GHz,4,16GB SSD,Intel HD Graphics 400,Chrome OS,1.25,265.0
694,897,Dell,Vostro 3568,Notebook,15.6,1366x768,Intel Core i3 6006U 2.0GHz,4,1TB HDD,AMD Radeon R5 M420X,Linux,2.18,455.7
696,555,HP,250 G6,Notebook,15.6,Full HD 1920x1080,Intel Core i3 6006U 2GHz,4,500GB HDD,Intel HD Graphics 520,Windows 10,1.86,397.0
703,944,Lenovo,IdeaPad 320-15IAP,Notebook,15.6,1366x768,Intel Pentium Quad Core N4200 1.1GHz,4,1TB HDD,Intel HD Graphics 505,Windows 10,2.2,309.0
704,1280,Dell,Inspiron 3567,Notebook,15.6,1366x768,Intel Core i3 7100U 2.4GHz,6,1TB HDD,Intel HD Graphics 620,Windows 10,2.3,459.0
707,633,Mediacom,SmartBook 140,Notebook,14.0,Full HD 1920x1080,Intel Atom x5-Z8350 1.44GHz,2,32GB Flash Storage,Intel HD Graphics,Windows 10,1.4,239.0
713,53,HP,255 G6,Notebook,15.6,Full HD 1920x1080,AMD A6-Series 9220 2.5GHz,4,256GB SSD,AMD Radeon R4 Graphics,Windows 10,1.86,398.49
725,407,Lenovo,IdeaPad 320-15IAP,Notebook,15.6,1366x768,Intel Celeron Dual Core N3350 1.1GHz,4,1TB HDD,Intel HD Graphics 500,Windows 10,2.2,306.0
728,104,HP,15-bw000nv (E2-9000e/4GB/500GB/Radeon,Notebook,15.6,Full HD 1920x1080,AMD E-Series E2-9000e 1.5GHz,4,500GB HDD,AMD Radeon R2,Windows 10,2.1,349.0
729,616,Acer,Swift SF114-31-P5HY,Notebook,14.0,1366x768,Intel Pentium Quad Core N3710 1.6GHz,4,128GB Flash Storage,Intel HD Graphics 405,Windows 10,1.6,349.0
730,177,Toshiba,Satellite Pro,Notebook,15.6,1366x768,Intel Core i3 7100U 2.4GHz,4,500GB HDD,Intel HD Graphics 620,Windows 10,2,489.0
733,895,Dell,Inspiron 3552,Notebook,15.6,1366x768,Intel Pentium Quad Core N3710 1.6GHz,4,500GB HDD,Intel HD Graphics,Windows 10,2.2,369.0
734,14,Dell,Inspiron 3567,Notebook,15.6,Full HD 1920x1080,Intel Core i3 6006U 2GHz,4,256GB SSD,AMD Radeon R5 M430,Windows 10,2.2,498.9
738,747,Acer,Aspire ES1-572,Notebook,15.6,1366x768,Intel Core i3 6006U 2GHz,4,500GB HDD,Intel HD Graphics 520,Windows 10,2.4,410.8
747,366,HP,250 G6,Notebook,15.6,1366x768,Intel Core i3 6006U 2GHz,4,500GB HDD,Intel HD Graphics 520,Windows 10,1.86,439.0
752,669,Lenovo,Ideapad 320-15IAP,Notebook,15.6,1366x768,Intel Celeron Dual Core N3350 1.1GHz,4,500GB HDD,Intel HD Graphics 500,Windows 10,2.2,419.0
757,847,Lenovo,N42-20 Chromebook,Notebook,14.0,1366x768,Intel Celeron Quad Core N3160 1.6GHz,4,16GB Flash Storage,Intel HD Graphics 400,Chrome OS,1.5,325.0
761,1210,HP,250 G6,Notebook,15.6,1366x768,Intel Core i5 7200U 2.5GHz,4,500GB HDD,Intel HD Graphics 620,Windows 10,1.86,485.0
767,867,Asus,X541NA (N4200/4GB/1TB/W10),Notebook,15.6,1366x768,Intel Pentium Quad Core N4200 1.1GHz,4,1TB HDD,Intel HD Graphics 505,Windows 10,2,449.0
768,726,Mediacom,Smartbook 142,Notebook,14.0,IPS Panel Full HD 1920x1200,Intel Atom Z8350 1.92GHz,4,32GB HDD,Intel HD Graphics 400,Windows 10,1.4,265.0
772,1318,Lenovo,IdeaPad 100S-14IBR,Notebook,14.0,1366x768,Intel Celeron Dual Core N3050 1.6GHz,2,64GB Flash Storage,Intel HD Graphics,Windows 10,1.5,229.0
780,437,Samsung,Chromebook 3,Netbook,11.6,1366x768,Intel Celeron Dual Core N3060 1.6GHz,4,16GB Flash Storage,Intel HD Graphics 400,Chrome OS,1.15,269.0
781,69,HP,Stream 14-AX040wm,Notebook,14.0,1366x768,Intel Celeron Dual Core N3060 1.6GHz,4,32GB SSD,Intel HD Graphics 400,Windows 10,1.44,229.0
783,384,Asus,VivoBook E403NA,Notebook,14.0,1366x768,Intel Celeron Dual Core N3350 1.1GHz,4,32GB Flash Storage,Intel HD Graphics 500,Windows 10,1.5,286.0
786,927,Acer,Aspire E5-575,Notebook,15.6,Full HD 1920x1080,Intel Core i3 7100U 2.4GHz,4,1TB HDD,Intel HD Graphics 620,Windows 10,2.4,499.0
788,887,Asus,X541NA-GO121 (N4200/4GB/1TB/Linux),Notebook,15.6,1366x768,Intel Pentium Quad Core N4200 1.1GHz,4,1TB HDD,Intel HD Graphics 505,Linux,2,398.99
790,837,Acer,Chromebook 11,Netbook,11.6,IPS Panel 1366x768,Intel Celeron Dual Core N3060 1.6GHz,4,32GB Flash Storage,Intel HD Graphics 400,Chrome OS,1.35,355.0
794,626,Acer,CB5-132T-C9KK (N3160/4GB/32GB/Chrome,2 in 1 Convertible,11.6,IPS Panel Touchscreen 1366x768,Intel Celeron Quad Core N3160 1.6GHz,4,32GB Flash Storage,Intel HD Graphics 400,Chrome OS,1.25,379.0
797,611,Dell,Vostro 3568,Notebook,15.6,1366x768,Intel Core i3 6006U 2GHz,4,1TB HDD,AMD Radeon R5 M420,Linux,2.18,465.0
802,314,HP,250 G6,Notebook,15.6,Full HD 1920x1080,Intel Core i3 6006U 2GHz,4,1TB HDD,Intel HD Graphics 520,Windows 10,1.86,469.0
805,1186,HP,Stream 14-AX000nv,Notebook,14.0,1366x768,Intel Celeron Dual Core N3060 1.6GHz,2,32GB Flash Storage,Intel HD Graphics 400,Windows 10,1.44,249.0
810,792,Lenovo,IdeaPad 110-15IBR,Notebook,15.6,1366x768,Intel Celeron Quad Core N3710 1.6GHz,8,1TB HDD,Intel HD Graphics 405,No OS,2.2,329.0
814,575,Lenovo,IdeaPad 320-15IAP,Notebook,15.6,Full HD 1920x1080,Intel Pentium Quad Core N4200 1.1GHz,4,500GB HDD,Intel HD Graphics 505,Windows 10,2.2,344.0
819,1282,Dell,Inspiron 3552,Notebook,15.6,1366x768,Intel Celeron Dual Core N3050 1.6GHz,2,500GB HDD,Intel HD Graphics,Windows 10,2.20,379.0
823,99,Dell,Inspiron 3567,Notebook,15.6,Full HD 1920x1080,Intel Core i3 6006U 2GHz,4,256GB SSD,AMD Radeon R5 M430,Linux,2.2,485.0
830,21,Asus,Vivobook E200HA,Netbook,11.6,1366x768,Intel Atom x5-Z8350 1.44GHz,2,32GB Flash Storage,Intel HD Graphics 400,Windows 10,0.98,191.9
832,303,Lenovo,IdeaPad 310-15ABR,Notebook,15.6,Full HD 1920x1080,AMD A10-Series 9600P 2.4GHz,6,1TB HDD,AMD Radeon R5 430,Windows 10,2.4,499.0
842,324,Acer,TravelMate B,Notebook,11.6,1366x768,Intel Pentium Quad Core N3710 1.6GHz,4,128GB Flash Storage,Intel HD Graphics 405,Windows 10,1.4,485.0
844,1070,HP,250 G5,Notebook,15.6,1366x768,Intel Core i5 7200U 2.5GHz,4,500GB HDD,Intel HD Graphics 620,No OS,1.96,499.0
850,241,Acer,Aspire A315-51,Notebook,15.6,1366x768,Intel Core i3 6006U 2GHz,4,1TB HDD,Intel HD Graphics 520,Linux,2.1,390.0
863,1190,Asus,X553SA-XX021T (N3050/4GB/500GB/W10),Notebook,15.6,1366x768,Intel Celeron Dual Core N3050 1.6GHz,4,500GB HDD,Intel HD Graphics,Windows 10,2.2,369.0
874,1294,Dell,Inspiron 3567,Notebook,15.6,1366x768,Intel Core i3 7100U 2.4GHz,6,1TB HDD,Intel HD Graphics 620,Windows 10,2.3,459.0
878,759,Lenovo,N23 (N3060/4GB/128GB/W10),Netbook,11.6,Touchscreen 1366x768,Intel Celeron Dual Core N3060 1.6GHz,4,128GB SSD,Intel HD Graphics 400,Windows 10,1.4,475.0
886,1268,Dell,Inspiron 3552,Notebook,15.6,1366x768,Intel Pentium Quad Core N3710 1.6GHz,4,500GB HDD,Intel HD Graphics,Linux,2.2,324.0
889,1281,Acer,Aspire ES1-531,Notebook,15.6,1366x768,Intel Celeron Dual Core N3060 1.6GHz,4,500GB HDD,Intel HD Graphics 400,Linux,2.4,289.0
894,1139,Asus,VivoBook Max,Notebook,15.6,1366x768,Intel Core i3 7100U 2.4GHz,4,1TB HDD,Intel HD Graphics 620,Windows 10,2,435.0
895,1218,Dell,Inspiron 5567,Notebook,15.6,1366x768,Intel Core i3 6006U 2.0GHz,4,128GB SSD,AMD Radeon R7 M440,Windows 10,2.3,499.0
898,1314,HP,Stream 11-Y000na,Netbook,11.6,1366x768,Intel Celeron Dual Core N3060 1.6GHz,2,32GB Flash Storage,Intel HD Graphics 400,Windows 10,1.17,209.0
906,826,HP,Chromebook 11,Netbook,11.6,1366x768,Intel Celeron Dual Core N3060 1.6GHz,4,16GB Flash Storage,Intel HD Graphics 400,Chrome OS,1.23,385.0
907,709,Lenovo,IdeaPad 320-15AST,Notebook,15.6,Full HD 1920x1080,AMD A9-Series 9420 2.9GHz,4,256GB SSD,AMD Radeon 530,Windows 10,2.2,399.0
